{"cameraMode":{"drawMode":0,"name":"Shaded","section":"Shading Mode"},"sceneLighting":true,"audioPlay":false,"sceneViewState":{"m_AlwaysRefresh":false,"showFog":true,"showSkybox":true,"showFlares":true,"showImageEffects":true,"showParticleSystems":true,"showVisualEffectGraphs":true,"m_FxEnabled":true},"in2DMode":false,"pivot":{"x":-0.4656296670436859,"y":11.757491111755371,"z":-0.2904801368713379},"rotation":{"x":0.14914216101169587,"y":0.062251657247543338,"z":-0.009408185258507729,"w":0.9868109226226807},"size":15.330004692077637,"orthographic":true}